{
  "project_info": {
    "project_number": "224809492284",
    "firebase_url": "https://monitorcardiacogps-default-rtdb.firebaseio.com",
    "project_id": "monitorcardiacogps",
    "storage_bucket": "monitorcardiacogps.appspot.com"
  },
  "client": [
    {
      "client_info": {
        "mobilesdk_app_id": "1:224809492284:android:c8e80e8390b92eaf344839",
        "android_client_info": {
          "package_name": "com.MONFEDIS.app"
        }
      },
      "oauth_client": [
        {
          "client_id": "224809492284-5tccu5apmpcnpql35orfrka88beftbad.apps.googleusercontent.com",
          "client_type": 3
        }
      ],
      "api_key": [
        {
          "current_key": "AIzaSyCQOzOdp2i2KBspQCHwhuiAckJlhnSeV4c"
        }
      ],
      "services": {
        "appinvite_service": {
          "other_platform_oauth_client": [
            {
              "client_id": "224809492284-5tccu5apmpcnpql35orfrka88beftbad.apps.googleusercontent.com",
              "client_type": 3
            }
          ]
        }
      }
    }
  ],
  "configuration_version": "1"
}